Mesure_1,Mesure_2,TempÃ©rature,Pression,Avec_Defaut
67.64052345967664,32.77981339854899,17.33539473284936,115.93273615950027,0
54.00157208367223,34.46236943665765,16.440149179528895,105.68722399120472,0
59.787379841057394,27.888425879373646,25.230675294778425,98.855129544108,0
72.40893199201457,30.52357014716642,20.208127598867193,102.5163024881989,0
68.67557990149967,31.140266625620335,24.595941935281296,87.8914436205641,0
40.22722120123589,31.007399733522163,21.480704820047766,96.0626628830561,0
59.50088417525589,32.70386792650195,21.146078496467172,100.85252574570387,0
48.48642791702302,20.90961184808215,22.595773295636356,100.99421986708542,0
48.96781148206442,29.753379649262136,28.517927773216943,84.69383755601383,0
54.10598501938372,31.195168006233825,29.645725738843456,103.27623179234782,0
51.44043571160878,24.998348255231473,26.855862763245195,102.7919649251421,1
64.54273506962976,38.369928535053546,20.050887252264403,96.22948793727221,0
57.610377251469934,30.80779633619084,28.21815637726669,100.041749990825,0
51.216750164928285,37.81702372514465,28.44448333303966,85.16508446631998,0
54.43863232745426,26.047384890834614,26.373236018062222,85.20204384675651,0
53.33674327374267,25.463499392373365,21.981897819904546,101.34687262338238,1
64.94079073157606,31.12126110482841,28.5442978768357,93.32276809083837,0
47.94841736234199,21.606558185856716,27.114092873383306,99.88444479775698,0
53.13067701650901,31.074827953130466,9.41571704200437,108.39490672317605,0
41.45904260698275,30.48609616001459,28.22226016705521,98.26070069694845,0
24.470101841659215,35.078326407710506,15.431286645692465,71.89331945170804,0
56.53618595440361,33.505206705825486,28.317807882956906,98.49346361979107,0
58.64436198859506,27.91261325057483,24.229638007875824,95.18955978005965,0
42.57834979593558,24.512516726148775,30.968058403745992,97.6530564567708,0
72.69754623987608,38.561526106716485,24.50919394397035,108.99730812571553,0
35.45634325401235,26.03942489717425,20.566928699719437,84.21469814058887,0
50.45758517301446,24.77237721465267,24.26323167708578,102.43956623907984,1
48.128161499741665,24.575719702692773,30.299031474668872,115.70303911911232,0
65.32779214358457,35.58652657768332,25.131233089307937,93.74056885031543,0
64.69358769900285,27.40549897787574,24.428324200638116,104.72327886185737,1
51.54947425696916,26.231477669096996,28.717767577541686,109.66305778970802,1
53.781625196021736,30.688449129516737,26.051796833149066,102.10231439102094,0
41.12214252369887,28.965276447213544,24.97036297083384,93.14903019668573,0
30.19203531776073,26.609522696068765,31.830300342016656,92.90478989292,0
46.52087850673848,33.769957334892396,32.77557016029534,107.43800153765983,0
51.5634896910398,35.32657746048997,28.066631131643504,105.92149090781734,0
62.30290680727721,34.92658754469933,23.570204242574135,92.13531584928775,0
62.02379848784411,33.834598348305995,32.48455496760413,88.23526845638918,0
46.12673182592048,32.01312765565017,30.915597786658537,87.19193285851004,0
46.976972494246645,21.120560000190856,28.594485827641456,116.61651861184771,0
39.51447034932907,38.34625403188484,18.919617096270695,99.32054879609501,0
35.79982062821025,31.509946051787765,25.703359516539805,123.60228585653414,0
32.937298093749874,33.04078213800321,21.281639126495634,105.55545603070543,0
69.5077539523179,35.57481161473701,24.204938742228205,104.39522322833798,0
44.90347818248347,37.16676251440996,26.200284646483592,103.06272488305184,0
45.619256983888135,32.09199005654596,25.50079704045312,109.99149850197365,0
37.47204639950074,32.177730796478265,22.624124470853758,90.3393681495593,0
57.7749035583191,27.003878612701403,31.36476874459955,121.60013108370735,0
33.86102152442049,30.165448755693802,16.519343665842285,98.99698297388169,0
47.872597197860316,25.729193695928227,28.650917655648072,92.96599907807189,0
41.045334388063246,26.400297339290525,15.71258364202731,103.0256100228842,0
53.86902497859262,25.532127988429043,26.912990683617316,110.92338876030797,1
44.89194862431127,29.219880545013563,20.56547836858062,89.92445124217025,0
38.19367815877588,35.24546593960005,29.39151878866265,105.66869372441072,0
49.718177716613454,45.8548738664509,25.432262620037967,92.83555842413523,0
54.283318705304175,30.947498187739566,26.238531892334123,94.93726466825511,0
50.66517222383168,23.2579345612194,19.908603372165743,95.10517581244969,0
53.02471897739781,36.32491664928128,21.727149325012082,107.63541466485921,0
43.65677906319036,28.496080617619864,26.036086967054768,88.90927268205623,0
46.372588340128615,26.69695703011504,27.91784963454652,101.92616110034612,0
43.27539552224049,31.049247389615278,39.645481208819305,96.56582135917408,0
46.40446838459459,23.796877002218864,26.114291615517434,91.52789822041471,0
41.86853717955546,31.112315820043033,29.88018762684463,87.8647639724552,0
32.73717397668323,29.558122384004225,17.215330337453697,87.97111675483997,0
51.77426142253753,30.491889534077377,18.350540693329684,83.66203982347203,0
45.982190637917384,31.907081271045854,23.22252612695774,108.96167193749268,0
33.69801653033956,30.337461286204032,19.012861521807167,97.5834683736878,0
54.627822555257744,30.081690420564463,32.431996267331925,101.58651930066243,0
40.92701635616758,31.421572594989723,22.948906536098356,111.78189364481598,0
50.51945395796139,32.07700313085564,31.910909441965693,87.79882843068447,0
57.290905621775366,24.842587698423714,32.43391237042815,90.58454324684286,0
51.28982910757411,22.85004370657276,25.213898599417835,102.54715536693783,1
61.394006845433005,29.691809739138925,27.508998769038193,81.75920447919633,0
37.651741796463476,22.83632255032946,24.719502633295484,94.21291487003131,0
54.02341641177549,30.437657354608355,27.692185001772692,90.75106926899532,0
43.15189909059687,34.69373437841155,27.41670925890286,103.29522442169535,0
41.29202850818118,33.03555835958023,24.381751870539848,95.74184133636132,0
44.21150335235585,24.759147965872636,27.524849907314202,120.08149279376958,0
46.88447467872627,25.698687740212407,33.61848137833631,109.37891372069394,0
50.561653422297454,31.641506475003776,28.56508114855469,91.46761515724688,0
38.348501592166436,27.99351097433245,26.628998068203128,96.12686562543149,0
59.008264869541875,28.416723524739467,25.623847605216064,96.52415487084556,0
54.6566243973046,32.98453240623977,19.936634381157045,133.06574349110562,0
34.63756313722776,25.06356653271174,19.86351561462269,84.89800356021858,0
64.882521937956,27.99382645044409,26.616782657401295,102.03539700404613,1
68.95889176030583,25.999587619576992,18.153044379764214,79.1556786463847,0
61.78779571159651,24.784352509823222,21.168362005182082,99.93062558794077,0
48.200751641876494,25.71460905664418,31.407556701820667,119.09890561909012,0
39.292473784894575,33.387310846732056,34.57114848531407,95.91544568325892,0
60.54451726931137,30.25910194741211,16.67021961601141,111.0455442147205,0
45.9682305302682,25.604196855824625,33.133247811507914,99.33884774046797,0
62.224450703824274,28.84449196203502,23.942808545772216,95.77501283174566,0
52.0827497807686,21.80596346438911,24.924974564843176,97.48343641053604,0
59.76639036483713,26.333435962081673,24.43294184678633,94.13097354819999,0
53.56366397174402,40.747872674336435,30.402720635127437,93.73941728110177,0
57.06573168191948,29.54878075167125,16.961617104784114,86.69805587675505,0
50.10500020720821,33.65829463515196,27.280818056775665,115.06800728949443,0
67.85870493905836,29.672558124277586,20.275649013059947,96.06923604206557,0
51.2691209270362,31.740846176209043,27.853942646907868,102.93774310765752,0
54.019893634447016,33.31629044839587,32.71398169146526,91.23468148560214,0
68.83150697056254,24.476917012367647,24.9979133679369,111.1699055941535,1
36.52240938857554,29.845318713630206,26.870775429854014,97.26444222092171,0
37.29515001514267,37.89432597208244,27.047758891188458,99.08967332142194,0
59.69396708158011,26.022497249733544,21.002032501647548,81.71023364704055,0
38.2687659488584,27.167800731338904,32.55819674942159,103.95976211139612,0
69.43621185649292,28.46154361316499,33.532341236304944,118.11505704820246,0
45.863810192402525,31.345120365881233,28.508916860585146,91.30922414000088,0
42.525451885592425,32.62458931822941,25.366427160038228,95.41770846297517,0
69.22942026480385,36.33705827409328,22.69053092322858,88.61676041784983,0
64.80514791434425,32.4974911673433,21.86754888425456,101.29162174240376,0
68.6755896042657,29.68973437100833,33.55418291273328,100.64024197906828,0
59.060446582753855,36.295835648054066,32.07207521364512,107.05081101494468,0
41.38774314945297,33.52055511070791,24.68169255605225,105.51473546800919,0
69.10064953099034,22.52160241871492,17.10034735164438,91.87483953814399,0
47.31996629048619,42.63184120177999,10.839940650455064,102.24948049064373,0
58.02456395796395,38.84960694098367,19.5828666986786,96.71698893277527,0
59.47251967773748,29.15892888616463,24.346898020024405,89.08967022623287,0
48.44989906909166,31.889550508692373,32.00344517221501,98.73144127037386,0
56.1407937034608,36.6217937499792,21.741718954711097,138.01660214967114,0
59.222066715665264,29.138996036515586,27.52407728170251,123.15170634005945,1
53.7642553115563,33.6517589518851,31.515904808242162,101.39826597767652,0
39.00599209415805,35.52289236785738,25.64268158428024,117.38857208010756,0
52.98238174206056,24.925870461327797,24.287760656055795,99.54616635853728,0
63.2638589668703,26.98834073208569,18.45618242880696,99.46861660558518,0
43.05432140268635,34.6070419890529,18.987623458977836,80.50428212370237,0
48.503654596723294,32.30407238574415,27.080498172079118,90.39894434055714,0
45.64846448278362,34.618982801569736,23.995462333995366,92.16500736013523,0
68.49263728479342,29.33715992673141,25.612656588266507,101.0751903166543,1
56.722947570124354,28.554973945228834,24.763611421518764,100.13984534859276,1
54.0746183624111,20.006802622083136,28.32072024679325,94.21057648608132,0
42.30083925554683,24.269997867462784,21.076562942852775,94.11186800466156,0
55.392491912918175,30.235330473292468,23.322096782084166,98.33846864392048,0
43.25667339342624,34.122786097821184,34.48091114316572,86.18588349317717,0
50.31830558274351,32.65589183267848,21.001069308071145,93.87361439631441,0
43.64153921621119,29.35879012986149,23.59212284599949,96.18710130191705,0
56.764332949465,28.641142167546516,22.053066490107152,87.51051066927126,0
55.76590816614941,31.085898163191402,27.22390681203625,96.69762106735456,0
47.91701244422005,30.39105590546076,30.111961612210347,91.65192836465492,0
53.96006712661645,37.02272757469856,22.508941907069453,112.35382392009477,0
39.06938491269494,30.73220385239125,22.842928294476575,97.56196202860878,0
35.087424072943946,22.593770189013508,23.60509197348485,98.10454331743425,0
54.39391701264537,23.637209324838416,27.649168917374787,104.28028107021368,1
51.66673495372529,37.5937966848179,21.303023487449025,105.56968316840629,0
56.35031436892106,24.1441976927496,23.120200170143704,82.63758195699849,0
73.83144774863942,33.822487265167666,13.139030642434923,96.23215890892465,0
59.444794869904136,28.658136323953094,18.091274952525076,90.90967673747909,0
40.87177774555842,29.151208530487573,24.43778121990356,98.54829755806782,0
61.17016288095853,29.329336086157898,29.489320866015607,94.63667478801086,0
36.84092589488479,36.10692479729599,26.475378916509314,101.57069462857808,0
45.38415395185291,29.035790857280176,19.506157716663502,90.19540754437844,0
49.317583946753686,29.833403585774235,17.99871895936029,94.32232758479813,0
67.13342721649366,22.345982513002536,25.873400464490842,94.08840331077647,0
42.5524517795156,31.033452558540016,16.73598178873578,110.82591370470894,0
41.73561461340986,32.655212534890296,30.329634093584446,103.68003659280544,0
49.01547475574568,31.195727903268935,25.319480958250892,103.68888707585666,0
43.365217136378924,36.98948130543368,16.96339920382971,97.13681719189974,0
61.26635922106507,30.275856773901157,20.17023070579065,96.15282147906446,0
39.200684916365766,31.494887280595087,21.378443403844386,105.61002888497637,0
38.52531347588898,38.2425200513409,21.134037448882808,107.77433933793785,0
45.62179955255566,22.24992905320926,17.550334958892538,100.1514678562884,0
45.01967549307695,27.720873261003156,20.626687390055775,111.41647945476102,0
69.29532053816986,37.13079376009633,21.57799221929787,112.74155027515184,0
59.49420806925761,34.68064574155541,21.44357122194781,83.35301960611085,0
50.87551241385191,33.39190049420235,30.639783124666902,104.3037888478305,0
37.74564481169832,34.16325369732239,25.524139014136072,99.57398071508963,0
58.44362976401547,31.63533104560511,20.03371391281224,103.88288813968242,0
39.997846526104354,38.15798713766136,23.32689197022939,111.15976528026742,0
34.55228903222388,31.88879584865359,20.60221451344308,90.7946183690856,0
61.88029792352302,31.199335529476393,23.499966704941215,83.79725897577438,0
53.1694261192485,30.794793370628216,29.377545765706916,111.06191472851046,0
59.208588237808186,30.964319777751932,26.261353903060627,90.01515355069587,0
53.187276529430214,24.21491359592066,36.42800590764033,93.13780486078964,0
58.568306119026914,33.853365272316715,26.879637128837402,102.0462089341965,0
43.48974406699853,29.347801331083364,20.432027450114465,93.13898178838645,0
39.657571582155356,39.10957548930203,29.048703654072238,84.07789371684402,0
56.81594518281627,29.621747647057887,30.399656085712678,100.34189767415725,0
41.965903358261585,32.104591420878286,30.47083495721972,92.1851534103814,0
43.10450222249799,31.233010931306673,19.528795234824543,105.97859877870269,0
45.44467496482657,26.872214824453735,24.26181292742581,94.93923443921345,0
50.174791590250564,34.96068414259253,30.659059784142265,93.11553861279202,0
46.46006088746516,39.52531820280009,16.576355205630293,97.89999460889791,0
36.25048706581981,29.926113901700777,22.50291619488981,110.5215347683867,0
43.5638159716711,28.497606072072887,17.865311572865043,109.07904081637685,0
27.765968477755735,28.22485634472313,20.337148850514936,89.06773817540281,0
56.25231451027187,20.538190533413292,19.937714236280968,127.99707649086918,1
33.979423443932525,29.110934281484937,31.252849162717176,96.74223675414972,0
38.956166605715495,31.25499058004162,23.827309825456247,88.47584271040499,0
50.52165079260974,35.273789625901415,20.683222093291086,108.88231990048779,0
42.60437003608687,34.80023870574964,19.82197134307753,96.38327542645648,0
65.43014595406736,27.917504587816538,25.70833582435765,121.5371950783965,1
37.07143090276551,28.61588502613056,24.944321863296665,108.47408355481534,0
52.670508693491826,35.61952652807219,31.720371873367135,98.01280153691232,0
49.607171817725046,29.132680514635606,27.500083479286513,115.75306877732204,0
38.31906502258803,27.449852301221917,17.841011109674813,108.49115211470445,0
55.232766605317536,36.96259224717136,21.855096462043658,87.7110480306511,0
48.28453668777752,35.18792833525317,30.350362560354885,108.88394109572404,0
57.717905512136674,30.09395895887129,21.894586511493113,94.8351255805155,0
58.235041539637315,27.031112761106662,33.67286087461854,99.16673714753325,0
71.6323594928069,19.940598403776455,19.508552843376265,101.31054449217461,1
63.36527949436392,32.94851802787362,27.86306676520395,91.20903987733739,0
46.30818162057557,25.5181513872391,20.69392223300679,86.66657721109299,0
47.60620822424074,20.18633995429624,22.452024335268213,103.67784010920296,0
60.99659595887113,37.92410263674509,30.49290824115573,86.11766501330138,0
56.55263730722598,33.23983895504944,24.364664185807417,74.24797373230734,0
56.40131526097592,24.304959034415173,29.067261225570533,91.6389439562857,0
33.830439556891655,23.927993085203703,27.366452974573996,103.31092421488398,0
49.75673875601064,34.3548089108581,28.769328417811504,97.30118866430035,0
42.61969090794311,25.610146917320648,20.559058944572435,112.67130940620072,0
52.79924599043238,36.480749337639416,23.892128008979995,101.8375349543169,0
49.01849610357042,33.082296563130775,27.12126309050435,92.33690348052919,0
59.10178908092592,32.682982602834116,20.7546356365317,95.60416449520505,0
53.17218215191302,32.0234772780715,33.147500216161646,85.63458640730822,0
57.86327962108976,30.95725436011956,21.11385978922433,110.85797224705931,0
45.33580903264057,34.40255599588555,23.499982115311024,86.18899913917042,0
40.555537440817496,27.729598187421974,19.967204676028814,90.79592367880731,0
45.899503067974514,30.429759867171924,14.283459673806558,98.39713779571372,0
49.82979586138559,33.75973293838598,33.984592612874636,100.02353264490822,0
53.791517355550816,32.81494859293064,23.978305315484764,84.9734963649021,0
72.59308950690851,24.025065973656698,22.7604258079223,90.94464204780505,0
49.577428483393575,27.49795166347868,24.006424691646007,102.65040602239318,0
40.44054999507223,31.264017527095774,32.09931986098218,111.29723358996993,0
46.540182243006136,27.959926454800517,20.174466959677915,103.49003562090175,0
45.36404025353906,38.873292804866665,28.397839328825413,99.74190238409146,0
54.81481473773462,28.034234026229434,22.881058757252617,84.37591266129868,0
34.592029855553754,29.188907762116546,22.01664572230845,93.8265765344791,0
50.632619942003316,33.84715089088652,27.835291062600913,105.21494241311055,0
51.56506537965375,31.65266371617458,29.941202868713486,110.80946669854887,0
52.32181036200276,29.273627713976154,22.430485248600423,108.89375908155255,1
44.026839310346375,26.21753235559626,21.15575420162595,101.38071644445607,0
47.62078270263993,31.50757028698383,19.154521263389864,112.04600466649178,0
35.75939091017469,35.19548220189196,30.51751883364188,128.81460713163963,0
45.066801166378056,32.39547612049114,22.123720025969412,94.06138084617312,0
44.57138523983282,26.10908239271939,15.754346363622744,92.36884204654963,0
54.16050046261425,38.68387478488356,32.04976069198073,115.18482925779722,0
38.438175681780876,22.76711054982053,18.15070249023529,102.3546452538542,0
57.81198101709993,22.086571790986056,28.897302656295306,101.1230768842727,1
64.94484544491368,34.80278612228614,25.917143233337622,103.92374327659125,0
29.300149749864673,31.12920239301345,26.439577161076393,93.4551349481504,0
54.26258730778101,27.2525072684798,22.07812362344339,89.6520471524941,0
56.76908035030245,24.507146362223352,26.82795730112318,92.22852490451689,0
43.625629744477706,41.60399919640149,16.66110053557881,112.45946256831014,0
46.02728185671202,30.58545436077721,27.940188743699064,85.63359335315418,0
48.671194224130446,32.67100585422886,32.7850502076608,104.9865464564855,0
47.02209120598272,31.58942548619091,29.42013598713163,94.4231253997449,0
46.90987030952878,32.17403978865579,14.902299573066394,96.46633111284656,0
33.23996193670023,32.70047230262403,20.078954988635758,107.42950976608333,0
61.5233156478312,33.66212004877438,24.061025390125966,108.43988913357896,0
60.79618592036821,28.123887996196636,27.434686524699664,103.42976537866936,1
41.86635740795797,28.54179006824078,24.466736631698875,81.26880337633995,0
35.33575672197486,21.29488595820549,22.53392806444751,115.70964708675791,0
55.21064876452758,26.098477967492304,27.976501538461463,113.1019651719956,1
44.242120301869335,31.355563982233573,30.82075883112483,100.91436833191148,0
51.4195316332078,35.22511687751345,23.838529964067014,100.10257816959411,0
46.806715828549045,32.99519763188092,28.644649336926197,118.01449208620156,0
56.91538751070186,28.29653828061035,12.104746274052626,109.47224271293727,1
56.94749143656006,23.684135439574227,20.312453069456353,99.7070559642508,0
42.74402621536416,16.113204272862834,23.39370531470995,97.07661324148856,0
36.166360446049445,35.758669873904,22.55716889622687,98.06462888988973,0
34.170616026649185,27.053855067449252,26.663991087022275,111.77232054397166,0
56.10379379107205,27.757674968979703,30.0687527374913,110.39991784706687,0
38.111407422159715,30.657869839540343,27.533345130141942,83.86576988501197,0
44.93183645701313,22.97219976304055,21.888872641224722,104.64642398866064,0
44.03685961549492,28.251089099442314,17.386159547479068,108.64121331377608,0
49.47432703730454,40.11735974884987,27.784820602894435,84.93536834028282,0
30.63720194153493,32.52693469288671,15.80911630164994,99.97035248561677,0
51.887785967938285,31.796245782567283,28.265186417032144,82.22956393623481,0
55.23891023834206,22.087527610091207,24.05775458934966,101.29492835941387,1
50.88422087044661,41.2180094729132,19.120825060308857,79.16765498087052,0
46.89113828301528,22.886025456868285,26.436286562333965,93.18254476292083,0
50.97400166268783,39.61162377722199,24.985619486704994,93.88934085504866,0
53.9904634564013,19.424719924060962,24.817013535418766,92.91150179857394,0
22.274072435733498,37.026827193622104,24.57888351736303,114.51528016974567,0
69.55912308250694,38.09027134500113,27.097620542130706,105.35510569739104,0
53.90093322687927,25.877954393360827,29.62217010979255,96.004311396766,0
43.4759141761298,32.11290186136441,27.48307599241926,90.66922159105899,0
46.09046624812399,32.737402860523325,30.06066594911155,97.61223683154768,0
54.93741777349189,25.93102758384347,24.779301405760968,89.70887031700684,0
48.83896060965633,22.754411946315347,33.092296621159875,109.73080004149665,0
29.693155322185056,23.411413284296174,27.855549110649115,119.96766001547786,0
70.6449286135932,32.70504109979904,22.281529851586114,110.53199898082111,0
48.894593427675275,29.57442198740297,19.530524716327974,103.3169034554515,0
60.201727117158,27.178494833489196,26.0289840186704,98.34371216706855,0
43.079501522156086,34.8338400558323,18.467392385386994,95.94893710538538,0
65.36377054245798,32.54033954695739,20.133120162216258,117.45284572687595,0
52.8634368889228,26.222686368171832,26.195435401867996,94.24064392478465,0
56.08843834475451,23.993992404913055,21.96056276859023,115.6109855689575,1
39.547466338530455,32.61630869344039,20.333418798865388,88.68460757979851,0
62.11145289682701,27.312083157209692,24.82762476955801,97.03768345601793,0
56.89818164534788,30.49602431265751,25.36338949551895,82.85943407279214,0
63.01846229564998,37.881494863138585,23.97082987390631,101.5923420122828,0
43.71912440358421,32.5116412003739,23.112265404703557,87.36272378123793,0
45.18972881539212,25.688665001233815,29.273213643562244,116.65049406790442,0
73.03916697683943,30.803305949098863,26.712136756434138,104.1227227166107,0
39.39984177278453,25.236775235923062,23.88286943902652,105.37396746876819,0
48.64050299321679,38.04261077974362,37.32160966757682,102.8267844916477,0
61.36891362602695,27.192106251983894,25.969158684642064,89.07459185608863,0
50.977249677148556,31.036353734868094,30.66002566838665,101.24118287733828,0
55.82953679753294,31.53866287339716,22.195094984341218,118.37080687867744,0
46.005509707371246,30.796252341868513,18.18529526395995,100.0855492600631,0
53.700558878475185,20.207255224317308,21.04121742178268,89.82983798375187,0
36.93473148264683,22.76789468008336,23.65995108300944,81.47657343304964,0
66.58130679618188,27.738248622154543,22.516958951352414,92.86673009607924,0
48.818359548714305,31.597159166657654,31.681930911613968,82.37771102459122,0
43.1982179600315,29.311103928571146,24.39979438951946,108.30517369042597,0
56.66383082031914,25.214262634244918,27.3073443872057,107.81167266182246,1
45.39280212611447,23.257878404391494,24.767594219835548,91.2431817277945,0
36.65741528597246,27.99221227750328,22.83222833633416,106.13981308469425,0
36.53282494202445,27.657619776601386,25.189980067267577,94.23545347043017,0
56.937731526901324,32.56418228796378,33.57025734885366,99.5438571722514,0
48.40426561853733,28.36840768920841,21.160257041315923,103.71955551564979,0
48.662984403315605,33.01353828214665,28.834952252797756,95.56039990960508,0
60.77743805976263,27.026751151397974,19.86996374187109,104.18203348653117,1
38.73174191243257,28.720211653928658,22.701867788652805,83.14271949532449,0
42.69322247135175,28.259768101786904,25.01791602977292,101.1747498798797,0
46.15120190818725,26.088165165489553,26.631875448634954,99.65047977612265,0
50.94351589317074,33.12559328216865,32.41564313986907,79.5360686375189,0
49.57828548709421,25.932020014527467,24.749586792677324,81.90309807268513,0
47.13112807610092,27.391792450146905,20.78192196732037,81.40476394373073,0
49.38373597904353,29.634401770259014,28.250209865253847,104.1430683392395,0
48.92694723708826,23.5131017202163,23.17915095542122,101.23959626871661,0
42.80395611448207,28.375325208397506,26.193407854659178,102.7395757717404,0
41.870070114459224,26.44346820128606,24.41888780231124,86.73621507491839,0
52.745163577239396,28.059229037588754,15.282715743565888,111.38973810666265,1
41.09084917004472,29.700359986644546,27.541495927969866,109.8284121981739,0
38.42644740809146,26.000431884296678,27.916840034106492,92.33036964976672,0
46.87707748874307,28.899621100898223,29.63302384154303,111.76060276453796,0
48.42332983836184,36.543343761760894,34.00231381230114,97.49077603218839,0
72.56723497298209,29.871007208727566,19.02448113268262,82.23794975989969,0
42.952997241437664,35.726310865096124,27.5825372214088,83.67305233849108,0
59.43260724969495,31.732472210033805,27.046474983204778,107.33723487855006,0
57.47188334204632,33.87080304909408,22.90459003596089,98.95951189331021,0
38.11055044796264,26.127705156145872,26.985531182248895,108.81224946453932,0
57.732529774026,30.524535825427563,27.49823477555983,99.11626875267586,0
38.16119359806682,30.66956461307738,18.906580850114015,102.67670893360778,0
23.408277620032592,26.93687130562532,26.23111380638216,121.23526422980174,0
56.06319524359381,25.885858378528592,20.410078469976924,113.96849087631401,1
32.44109416562281,22.548673060463507,21.740717500347046,95.6717273138959,0
54.509344618059146,37.48069818475816,16.12627592405675,103.74968724703126,0
43.15989102262783,25.137985553237513,22.633195372487606,104.9444544306179,0
66.59550796189872,36.7311053661115,23.982146642632614,107.61391167496107,0
60.685093993160095,27.662534131710732,27.749284336481953,100.71008805188029,1
45.46614196148612,25.68753350137633,25.004499633355536,95.06468149504964,0
43.12162388971318,33.11259570152499,17.288559246001608,99.96377182763499,0
37.8592259690588,26.844040291265713,29.310740284421335,95.19712890521625,0
45.59077367707408,32.842294594621386,24.407066882249538,116.83367281239794,0
47.19644504815491,28.335941175738952,27.441852952148288,112.40726238835322,0
46.35306455608315,32.402122480588936,29.829680592298505,97.96384981120612,0
51.56703855272364,25.159069680464476,32.11302374484517,104.28292260693811,0
55.78521497728878,34.156755289923844,34.806134946825075,98.34540735764311,0
53.49654456993174,32.439863413315024,24.63880620664166,111.93241135968212,0
42.35856076093557,25.401746549686692,26.555622230468266,110.48880516417992,0
35.62208526198422,43.21467860507371,19.6081945459161,105.68610832710887,0
63.64531848102472,32.70061513200247,30.308000850176306,108.71264269614525,0
43.105508154500626,41.452335352652696,19.07556277714115,106.60570808041578,0
43.47706400064981,38.001339093743795,15.973741556847894,111.74061853808298,0
44.78810687698889,29.05582609891108,29.151930026701958,105.31131373329198,0
31.569304498433514,27.938641226977285,22.391517375260925,101.51900529114523,0
45.22025995959513,27.982704082895992,28.8880364067112,94.22774376400761,0
45.203441859920524,20.84985724786095,27.040373246730844,84.28249262506819,0
56.203582983435126,26.520824403252263,16.849986744881456,99.72151619493287,0
56.98457149107336,31.233830119899853,11.401603178386928,92.58944466595871,0
50.037708890862696,37.62978780442404,19.516991264536404,100.60009066957123,0
59.31848374114304,26.13614058510899,25.082457434904324,111.4048842418709,1
53.39964983801262,34.410282996815056,18.89111832652614,101.72824675440353,0
49.84317888397445,23.737033292483403,21.736192753256436,95.84998328890376,0
51.60928168298223,27.068399873944337,17.705296347013373,91.46871375138359,0
48.093465064186006,27.71179702855237,25.84938979898462,85.69864792576068,0
46.0515048596655,31.859055407487467,25.454129635181626,113.32805335357487,0
47.322664631060334,32.28654823360406,22.593036879761833,82.23308981070751,0
38.71988668529993,34.81170872407173,31.98532650656871,90.65216973768939,0
52.80441705316296,33.85418480202468,32.48857513659782,76.86798066302933,0
40.06876389070419,31.21584107701246,27.826336012682255,96.83858424250283,0
58.416312640736365,31.95182471754311,16.001144092666276,96.57715440239419,0
47.50541419839051,37.942653455487665,19.476549263971954,95.95705579370507,0
50.494949816500906,27.445369093838686,27.035651655416242,99.36870100023597,0
54.93836776280956,33.87364159533581,21.85721209877705,91.7873492558224,0
56.43314465062928,20.959280367508743,22.564542841440883,90.86344359511266,0
34.293765913665474,32.05667121448804,29.4948369729403,118.17826413261076,0
47.930963238360285,27.58375228760446,27.55437410946209,96.6593705163663,0
58.801789120807825,30.01285591215755,31.570772169069745,109.07658624946765,0
33.01894180567746,35.20043122526852,22.853953516767614,91.63228957347012,0
53.87280475395063,30.823219047631987,31.876127102234484,116.12728594752087,0
27.444357705978106,34.425937706044635,22.22934376457757,115.14182131007797,0
39.77493156364396,37.368824075692025,32.497457450693815,102.31018682217277,0
50.38630551840188,31.945469844328603,25.529173218083894,89.00468407030516,0
33.43284897678046,35.85520532310244,20.69745126445196,100.8700138572766,0
40.1448926231585,28.367195111603962,16.843902461732334,100.47304500041056,0
35.281649925364135,29.95895058865193,23.492638425691535,102.39623914089496,0
66.4813493220756,27.38690291800761,23.718836510022804,90.21779383800329,0
51.64227755487334,35.21488797323188,29.28830955061226,84.76999863820706,0
55.67290277852669,32.07045676896797,24.447047485958965,101.62363037382035,0
47.77324899484846,27.463827690525388,22.837840107107777,99.89708683666282,0
46.46568251242801,30.77334416823166,30.385187364737682,100.02075021919366,0
33.83525811348967,35.207841944092905,23.875867193649242,110.26800578850967,0
47.08162637252137,29.803660044810233,22.118790918865486,85.24839516968635,0
42.38507788188377,25.255335945751185,27.873044586462864,110.10693715987804,0
58.579239242923364,30.65955877893706,22.550858905763665,92.56772459982682,0
61.411018666575735,20.097172044655302,28.294010708457563,96.0477793414994,0
64.66578715574178,33.84385322199738,22.015414441084026,91.7422063674873,0
58.52551939461232,27.893362063376596,23.885204085148104,100.89619857839251,1
44.01346063077014,27.653446318604466,25.760884877941333,80.94182125200072,0
38.84103014039606,34.37847839389753,23.12936839867847,94.31914279712807,0
57.66663181645086,23.174185613874158,24.93274265321305,94.84243454714647,0
53.56292817472289,39.73549321410179,29.077359846200302,112.63930202363194,0
32.314615493229695,27.59878979130888,27.053008956600237,101.50698143787218,0
53.55481792743769,27.383745283075523,27.40484925017312,106.95518311496303,1
58.14519822487866,35.106123715835814,21.822847806903663,100.05938814386502,0
50.5892558918163,33.54347636555213,29.264148841371842,89.51099628537285,0
48.149463289906585,42.25614859537538,28.347811702545414,109.07204868183248,0
41.923515123836445,28.9439700818424,30.022095961308125,91.54558657932432,0
35.53465300436612,29.39796680667795,21.36817083906949,94.73756659227242,0
58.002979493400275,22.603420100183733,24.137707016592714,101.82099778809567,1
46.908855552282915,28.339488613255874,28.167669512302002,109.45538789447106,0
47.66533338456307,26.39284352214122,21.955924412914342,97.98615456717256,0
67.32721186919133,27.756164934472505,23.86938765118022,115.10524731983276,1
56.8450110685919,21.279061217230222,34.629028687297634,94.285215849479,0
53.70825001281102,38.30303779947257,34.75880506133907,106.65589286954632,0
51.42061805187236,22.916982587871797,31.1997027491368,100.03616300950704,0
65.19994860765773,15.988986008041435,29.69292568124884,115.4667183821242,1
67.19589307416194,24.057877892084903,19.903744252474354,102.14406013260982,1
59.295051114795285,26.980802236019244,27.56281115713061,81.22687181943903,0
55.822245913979245,24.25222968371441,23.204417024670573,110.88335209809507,1
29.053969287938553,35.49151770366256,19.70714051197316,99.18451486659472,0
51.237219142335064,29.310804107019532,22.4549708070434,94.46938088931617,0
48.69893045806296,30.126928022032295,25.57832537023173,112.2296476192084,0
50.939532293855684,33.051958821527066,22.26322212850667,96.68691363970498,0
59.43046087322518,31.43006263489059,22.246002871465798,105.99986743162341,0
22.603228328104436,34.89283648723021,28.960207492114872,92.31616680702322,0
44.30687946529815,24.452612231819273,25.72053242561616,91.63869873172013,0
52.69904354940761,27.262409496602842,26.16729039831159,118.10581760583611,1
45.331544539472375,33.32983573034769,25.55936198448149,92.12967262737314,0
35.830938868737405,17.327227689578848,21.621484283141747,94.15229063582532,0
58.68963486896796,23.124077603413795,18.147140410196556,82.91679208132317,0
52.76871905846128,32.50496116089973,26.552823552102392,116.29982244007823,0
40.28895429555516,27.598754825025374,22.46481683937278,103.97998323295099,0
53.14817204515824,34.68053775054849,14.94608865707061,102.37779633452597,0
58.21585712049796,34.04590148426581,23.037163710174237,109.75138410578629,0
50.05292646299361,24.00953559904481,19.538910293296883,86.70663430665732,0
58.00564803430997,32.033285437334406,28.493251171538777,94.58953218080329,0
50.78260175161661,36.008489278337535,27.6081261362017,99.0856226875049,0
46.04771017345646,30.73717200825486,27.484465724192347,84.5152894927154,0
38.40579483600087,25.112675613770655,21.674791909206544,113.11427126349952,0
49.14069233028387,34.39694970956685,28.65775790931077,99.81570949806633,0
51.94292938045772,33.17712263276998,26.598248915670364,96.767113637445,0
58.75832761587331,32.71305391749398,22.950727307800904,102.36225489568284,0
48.84892531512773,33.57969446718496,22.733312839307416,92.47417715663201,0
54.57415606220991,15.026935698861905,29.463540764368503,100.45113003812966,1
40.353879862662716,34.404687805404855,22.63197971518171,134.27538547002493,0
42.17370844172475,39.04065905289488,26.518282367631393,106.04682030245802,0
48.896107009731125,32.18319237314647,30.16978493406392,116.68311059634325,0
39.45371536014986,30.963644982498636,34.546713127785544,96.4491687754408,0
58.20247837324681,33.4821933669572,33.31936562218865,92.48431009869063,0
54.63130329318607,31.691127368425576,29.50411382104515,103.0970358937166,0
52.790957643924536,33.25890630850308,17.470443242143062,86.58295056575965,0
53.389041252159444,30.007355001227054,21.554757852910143,76.93042234554206,0
70.21043561484797,26.1664757273155,22.259564062637324,107.31592505022138,1
45.311358120332045,24.978386438926933,33.26574916282661,106.4133814497223,0
27.985587144994422,25.00904135884068,21.503410295139545,108.33851221753072,0
51.99300196896465,23.134787245245523,26.930831885491845,100.28169873189997,1
49.49396459038334,24.661289944904468,25.504335316286557,119.78372699879662,0
44.824809574895966,38.806330637099315,20.32436395281228,99.12671812942385,0
40.2117014064123,33.770478318281214,26.90912004809692,94.46035259209422,0
45.60810478197852,26.874863046576642,26.991480430987462,69.93501284992674,0
51.81338429217821,28.04803653007246,18.72112559129249,99.52834132346759,0
44.971832993574616,30.562787654532272,31.11438723526705,108.31877785059679,0
74.12453679543748,26.72227485257821,14.567449855724062,100.06861198539498,1
40.39495618366852,30.337584285871625,22.04621423545019,111.2422173444676,0
42.06882637292328,33.88802068951456,29.85985146932788,122.94881166255391,0
27.113799599854715,29.82128633225913,19.033710832629804,98.266497916228,0
52.51484415021537,31.68007871330996,26.751329597810148,112.31253559593308,0
29.835933722002398,34.43245769679808,18.51819805862285,84.14147424819976,0
44.60545366625499,28.63934121990896,24.534879277778884,110.31319104356626,0
47.24329465439443,31.423952995671815,13.431134434138999,100.6349048038677,0
42.902720341531115,28.453112035583192,20.78714149143496,97.78609501652936,0
67.3887267745451,29.85735565082792,17.285392764228547,98.36601079993511,0
59.94394391315499,28.3763486745852,22.991181289367496,98.43696531661358,0
63.19136876301576,27.355650732219424,22.923843020891717,96.9119709065475,0
41.17581181450082,30.86855926493512,21.631679143454303,101.98672970149664,0
61.285940645145686,32.83272657909106,28.989565982833728,98.25707865933597,0
54.96000946343962,30.731522230005222,20.56560198064281,88.44207521036797,0
57.714059486768456,32.49363479155966,28.171933365945257,104.17053888992125,0
60.29438828782767,26.31034109879385,33.14637884979431,93.92132051610533,0
40.91236754040947,23.9813240390011,25.69532075152341,110.4798661479213,0
45.756823790220984,32.08521751483802,20.711648977123,99.6617303342762,0
58.62596011328451,33.43940695587377,18.753307425692288,101.2702395332119,0
23.443809070250673,30.249286332999112,21.4510744994025,79.50768086755333,0
65.13328082573204,36.740178902123596,28.523213603749454,87.43319871831878,0
55.53132064207584,34.5384939899395,25.777953674844486,109.39614393507449,0
49.54296039339765,43.402854203845,29.683976081269943,92.66183273973822,0
52.20507655757173,28.995957430021672,28.85165439663606,94.6756234100105,0
39.70064716691024,25.005756019523158,25.70405325939118,97.2206003273172,0
46.500566354108955,26.299316046302433,27.36744130833231,113.63742592827342,0
61.002843382203736,27.17251096812672,34.2762310471024,103.74137997801583,0
62.98021972326221,32.380156917190575,32.0782811308734,113.10264603383328,0
76.96224052563579,19.209657180193716,23.486269915478733,97.32252202468808,0
49.26075333719585,36.59275509045418,29.948397209679452,102.13176263766391,0
43.414470331949964,28.80351704428828,27.929254029089677,87.96756544624024,0
44.85766034060011,28.766032211056242,30.681940387698695,111.78031235143372,0
39.81958124712635,24.603284169875025,28.35808286017955,101.08648203694854,0
49.22145244059149,29.428872242749097,20.12916282478505,100.44129098796276,0
53.82732430012268,30.06619883833767,16.901577173136495,103.3831553922566,0
49.657577194680464,29.390275361998615,27.86313508602543,114.46792073920322,0
60.963468456657985,31.695296279712153,34.513090991849154,97.8550489351141,0
47.65784198655464,27.051839790244852,21.121679460300147,116.63038957754907,0
46.525493475014365,25.520921197945864,24.05955130975175,91.48477415596209,0
44.187315231396745,32.7416406524899,19.821261369023937,104.22184607969092,0
33.67365473765505,30.493337269078978,30.8891475235283,120.09218561174876,0
34.32232275691546,30.985905275986838,13.474165724782397,95.10185268741398,0
38.208420693623125,35.29513627220983,13.681698494820957,102.4525585344342,0
63.014280716647605,24.887178043696572,26.875099599100768,108.77505062836434,1
58.9526027288993,25.72379771374568,24.588281766043238,98.62100301101293,0
63.749640663929895,36.286098254144974,22.601884924630966,84.9964672383567,0
36.67788345405498,22.585583212129787,23.49452606738293,89.44040640931044,0
30.3137531021398,23.452939268344927,27.68493957228181,105.80932588853835,0
43.399436798659174,34.08930915592498,22.930980054751675,108.91515319989244,0
51.75818953296028,31.191000960110195,19.51537514133443,107.84555334320996,0
54.98690274909828,30.52616068529638,20.363185359635168,111.46432013867845,0
60.47972155968053,29.541702959498085,29.441694309984214,100.71985194936022,1
52.84279670807214,30.156337735137846,22.3762902251889,102.08233170711007,0
67.42668780655632,29.53943942654022,18.073612081164008,84.81131340842471,0
47.773943190516796,36.77721351297209,25.510891634719854,103.17328953702336,0
40.86920781958204,28.009259356249625,27.524973608900055,106.12680785391098,0
33.18781784505566,29.193132318611106,31.644803737766118,94.16788705184014,0
41.1102864190455,38.97224402612537,26.089516935608344,106.44001698894911,0
52.42117960985123,30.13754851014918,21.701443763951648,81.84111155482177,0
41.11279742646369,41.16008194762589,27.370039336385148,107.51099597794537,0
59.36742463535257,29.475101494905232,28.63587435010218,103.00284323620801,1
64.12327706037443,36.83707491230079,24.805473466680965,121.1060853358802,0
26.30413094773397,21.72327980845161,24.777003036372133,114.13085536865267,0
58.64052300497648,30.768222304078332,26.30066452469384,115.06980358558529,0
27.603959413382633,22.077632184245324,24.65071750871908,108.17397096368165,0
54.01499055090287,34.22227153302293,26.25056953441563,106.46615613915257,0
62.248705641936596,23.935660918954877,19.890433377865357,88.18368685087071,0
50.648561063435764,31.418847771916727,19.247811150907452,96.64908699648214,0
37.2031082679576,28.589020616547824,20.819443102496155,118.26728470660865,0
44.14568795722227,24.208984074079858,28.21105471664713,85.4383555127691,0
47.38354554289099,21.90320008551229,26.293987836703042,95.4971816518687,0
48.17755216210057,27.444797682099452,30.201194821247793,85.80765919185329,0
47.97103159233333,38.703147229476656,24.06654538942695,114.50951814032128,0
48.901172206906864,28.53257472555311,19.28179302079075,94.34218671454389,0
52.134800489101686,34.58610771057928,30.72276767642279,115.44534365931293,0
37.91426346266779,29.71478566168906,24.906164722300534,95.86237506280702,0
47.579801701297804,34.383633868452264,31.417275181332627,94.95867919836262,0
65.18261170355706,20.86544310847741,27.9897324569609,112.78529188984665,1
46.15354576857482,27.984058465752334,35.943093394114186,109.38831726393776,0
45.561639068448024,34.747027618966094,23.90113507143319,72.83719690782425,0
60.78197303714238,29.183725255834105,29.503619525445902,104.511407898572,1
24.408153336559035,29.567723586444764,29.45682053176472,106.00166878252293,0
61.81378601288286,27.847690440571036,22.22436827252775,102.0980693090091,1
43.68096241994833,35.746896916835624,24.137588414465196,93.42341996175224,0
51.63928572452587,31.48757176977473,17.691308288916385,100.2840844463959,0
50.963213559211965,30.22011138087674,17.256019314986673,96.01938519034336,0
59.424681192203934,33.21527272669646,25.632844007653876,102.11323027609976,0
47.32405253764652,32.94112464558968,28.96503535348714,97.97605737138935,0
43.219742184355496,31.062935232187684,28.190120167477275,93.78071841761054,0
62.97845790651099,37.73515748495422,26.70012299129826,101.63770446304615,0
26.358261828588198,29.698562331804403,29.315085765755455,108.02438910184394,0
50.20334181705243,31.39040523983972,22.051511021503376,102.89005892395366,0
36.520745773708796,26.78523723323555,23.637336257561202,94.46357610068769,0
42.38426611743441,30.750576135030645,28.68760756706941,103.3625402037041,0
70.11256681463138,37.93880761872684,27.165593647244666,110.69792391858965,0
49.55404573544143,26.783711991056308,23.94905593101619,115.9540416857619,0
51.950696971513814,24.332035871807705,31.603971930639574,112.07552584159437,0
32.184371442944084,34.98379821409908,18.539993744764363,105.37380193359033,0
42.70955341205304,29.256169238831603,22.406606563557038,89.90875968786114,0
51.96557400728785,30.48002102484885,23.583011127718738,86.34447273079128,0
53.547576931132184,29.774433481533325,29.082674398868853,97.97618786280927,0
56.16886554393279,30.395608619647675,25.011925989576177,85.90815218443836,0
50.08627898917576,34.25265341761719,18.692541266046923,92.15215270939372,0
55.270042084546596,25.804379047003632,27.57002089908032,98.29877695248834,0
54.53781912635684,24.94112957947256,30.437731577334475,95.15789578261096,0
31.702595889954686,30.42484068518854,28.69652266566513,96.72081943689582,0
50.3700572191015,21.967801552750835,28.095774608027444,86.7199537270189,0
57.679024077327036,23.13473231979036,15.628432516294659,102.3146675979321,1
55.898798207345195,39.333415741658136,20.500567616282577,109.96508051066907,0
46.3614119002921,33.78734165030702,27.410403043361004,94.5186253221083,0
41.94373492460632,29.949717640654928,24.72555907622806,107.25755344191214,0
38.816880756783675,36.1900346797922,27.61278800999406,126.62726713718078,0
48.68945988458588,24.797003849574274,18.66828661518523,99.08188969865547,0
61.33079879559722,28.421984383070708,24.69252617857557,106.51210007949528,1
30.48195898518398,33.11726804712191,18.051094905518966,101.96770090087355,0
43.40108270270502,34.453358407156976,15.231607186902968,109.69623729224047,0
38.60197544573226,32.564584234138884,26.478895442534437,82.81350123387905,0
57.849575212405,17.293805961558878,29.2129439822849,89.43043232054785,0
44.45690373428699,25.15958941167711,26.228082139508878,101.43463928071381,0
45.293623418452086,32.385340461784324,24.835017598676668,108.86962566158465,0
47.83050430063351,28.22024253476597,17.18992829085367,101.3052402586494,0
54.45393250894797,42.70115810379586,30.030535335487734,83.35426749032356,0
46.076110018503634,34.63279150483548,24.779775513120292,91.76386723541604,0
19.538569452000733,32.79040940309333,34.79781002602884,92.05293882402783,0
55.4331189138752,24.415252231266383,29.711571541384835,103.88991945003048,1
54.39042957672042,29.82351630198542,14.974372866739259,92.37961040159573,0
47.804589716687865,31.206019821094763,28.77524840127944,93.19192895199228,0
39.159633793280655,35.638918150639014,18.017323812134215,110.84747576637704,0
53.517801106813586,34.40565548549816,21.20252254785468,113.3531627679859,0
53.792355335355865,35.164945972599725,23.746216616199252,95.86725194663961,0
45.29967117299125,25.38043992094999,24.52968774818698,104.24902672349873,0
47.83268529424461,37.060758491493154,26.98782607808733,81.18516201468658,0
40.698434974756786,23.097846238463653,19.88572479597893,101.98327059355341,0
48.21410907912671,27.32042719166919,19.246539978716765,111.89978049795828,0
34.49570654916519,32.153855674728206,28.00302600866538,105.26781705257349,0
54.17318821031836,29.250542041334302,24.933748660329865,101.01060844357472,1
40.556315091757064,24.96981571039804,25.871865243507628,96.11357026527364,0
52.38103147832312,25.892250871984338,14.0315832415267,93.53207984408598,0
35.940370837321005,22.258728385754786,24.114313083423383,98.20917594806197,0
44.0994235413046,32.659873195035956,20.54635408469252,84.48558861763689,0
48.895105949340724,36.30284422521075,20.396868134915653,116.10458978298244,0
33.39300188130737,29.49803248299317,29.60967402112289,105.64210640394818,0
51.15147873140092,27.998255924932884,19.521643855137437,98.97562965786716,0
46.208524371200774,22.638385357667552,19.535516968369848,93.80195225172662,0
32.57643802190769,34.56600962126089,23.34494698299127,99.29660379842257,0
36.967572458876845,41.05652166619747,27.251444153236722,107.97794942262843,0
56.051200840821664,21.01272097816551,20.57992635125957,110.11447891218947,1
58.95555985551324,24.682835309226967,31.170720178900307,90.96309069934257,0
48.68091360220033,26.60203478727928,32.24923762680609,90.26471239826344,0
54.04761812040498,27.178410451587556,20.592764667657683,120.78229962808275,1
52.23843563312911,31.136729750717404,23.77459122211572,111.36592857715686,0
53.29622982127738,38.07124773640113,21.106622636711936,107.08519940828006,0
62.85984007080293,35.042986434300516,16.57308947564386,98.61353756282631,0
34.930016017857284,32.63798691387158,26.51505525228079,109.24020338262783,0
56.76460732361623,26.38035647970699,28.66797434114685,87.26766824168884,0
46.1799104442218,24.40185883159773,35.05932131563281,115.3176842153504,0
47.7574106574836,26.016123468468496,20.512952481843314,99.6422777526284,0
46.9775026954493,37.74033400689369,31.681175454063105,107.90861502158752,0
46.24852883338716,29.691283492710493,31.711768456289768,106.46217774895176,0
37.73803808216981,27.765818731686895,25.989266547835765,98.68429088738073,0
51.83339199257601,29.081221348750038,28.01081744788032,98.24633644902532,0
66.70943032788857,34.12309109819234,29.366365241503516,112.21583141275983,0
49.43866979551243,23.43575162725104,34.8704997412095,110.26497404582588,0
49.98614957264904,37.074370679612116,27.389042813082348,82.27768880019578,0
43.12700962843336,30.782381284731496,24.699310572481576,83.07594262943542,0
48.825254535818885,28.91828010852137,20.669156004962637,90.53779379643841,0
54.66166426034031,32.2142305687337,26.52660377506249,91.06454601700298,0
46.29757559295657,31.091985365649684,30.12082466386535,88.8147412741277,0
45.46195958947999,28.279017717663095,26.22305180664736,102.72110643262288,0
54.032645401632465,28.736446639791968,21.100383755374985,95.36295552866027,0
40.81995230180954,25.655687265670238,25.445381012482816,112.0612462176217,0
52.52496627076872,33.28195375429651,24.354232587699432,114.52877765517057,0
58.20321797261422,27.34003095294419,26.323693788778534,99.71316762502407,0
63.59948541679484,25.218707887838587,16.69075816390875,116.83457948672893,1
49.09617992723053,30.829317613267687,27.753943070513657,100.24214310140724,0
63.67597239806713,36.645706413727765,27.977115783818615,95.65209353250098,0
60.34409886481518,29.7582768811009,27.224267190932544,100.64785739293914,1
40.03787359628934,26.95949371524155,24.98118591427488,109.44860001993067,0
37.82061488406849,32.01948010417987,15.970318686982893,83.85539027300102,0
46.95036362145579,39.68356231201276,24.903386040143683,97.91400677775545,0
60.289354925948544,22.740472352841262,30.30357499671085,102.97405660316872,0
49.27712992439995,31.91101393892647,20.699355618537695,103.63084665238542,0
43.99342442342211,31.025433126159268,15.053652669193582,96.31563656677089,0
65.5224318004856,35.80766901779559,17.29721014064653,104.8878574264347,0
52.869044880033464,34.954545868424226,26.570128459103017,102.92121617950863,0
26.794057242092585,29.066454440951105,26.864380044262187,94.08091886527606,0
53.171606262926886,21.577413722875583,29.43146597310734,121.81598628938775,1
55.200406145708676,34.032818839481294,24.723705021351737,104.39550206031308,0
52.25608654471104,25.824036549042585,17.49835812010715,96.6881664982617,0
54.49712100231993,25.266297945214053,20.90747929703162,94.28280966521561,0
49.327243910770186,35.741752903455634,29.09419686299674,110.29408918230916,0
36.81604130355266,25.445748111806736,25.70247953719738,101.02059791064067,0
46.29295996779547,37.01422370050122,28.249148173399895,125.4811269781519,0
40.543842044437085,31.679223607026564,27.173944027305197,95.64075877047911,0
40.67259089205622,31.595592000431413,23.97519724134852,87.57393061547711,0
37.36931650897725,31.536323902527954,24.129965812459833,99.72301541166398,0
54.524890926396466,21.807881871291038,34.285511348779295,101.75067458837444,0
50.97896145412627,21.118056918267122,27.073371333046104,78.81549365359703,0
45.51834637319292,31.077765268943423,24.357062248418195,96.9083148561852,0
43.50662072269612,32.8400367961321,27.277099954684047,96.31584558612404,0
49.76576894978548,30.413055160781006,26.114529098121366,96.3123646379445,0
60.79194728112489,25.89232741490236,14.213218132527693,93.69774252369395,0
29.95784284501085,30.094610519410974,28.25042257186157,86.5680745691156,0
53.768765208508924,29.589829234272578,34.10469637044838,107.58038051421758,0
44.54288025982218,25.21420950862295,21.09860065804968,94.16159156010325,0
31.154141550205523,35.06986077056081,32.27017874419583,89.76298547599146,0
30.54296916836041,21.34861969224957,23.715651513340415,92.40065732182093,0
40.872165058647084,32.94371203403753,26.46735698824911,95.27676760253046,0
52.19509555793045,31.921617026056225,30.35180008486587,101.08647124713026,0
53.930629339800916,35.04855927405857,21.399992843545952,106.68338986360489,0
40.610184273222146,24.973440638255706,31.212469564092356,90.4682050198493,0
60.17020991413244,30.507035733341056,18.928913593203305,95.20702602445567,0
64.22983496516106,40.85582474659083,20.62422625543042,86.54492271980025,0
53.9608658495656,33.31037144499853,22.03239841326237,66.07700006577625,0
44.08597332191889,30.502906043644817,28.31002683225951,101.55793930731589,0
61.244191845103686,32.695806370570985,23.295627947152646,115.20003517500743,0
57.553956956633385,30.4308842119006,17.400127702070662,105.22083253352824,0
58.67407411354918,40.9544900661992,23.917335640750856,94.92940043857011,0
43.43536325028469,34.9181809789459,21.07889308732808,100.96479142605236,0
21.654454947252976,29.571925228847515,28.656468104201842,88.2517989900494,0
71.16791021483675,31.261657156922606,23.283824727724483,98.77707641967419,0
33.89121596550066,28.04601001959493,25.353870379503256,95.72290746942424,0
49.64231928139779,36.049250632051525,22.972637714296642,91.47285767932617,0
73.8074535121975,22.969476143044947,27.169694841151443,104.05652229804653,1
53.30576756274374,21.976307350695066,24.08204618264723,125.99867164379057,1
59.49246473558236,37.29357374837997,26.625993573435327,116.65449506434715,0
34.976034306182875,40.76559896285291,12.033057176291448,99.27926978677904,0
32.223330452662935,32.341524538447956,25.48625438488893,108.84114654715862,0
44.67297208020445,30.563689706178685,27.069568350551165,108.62707434069625,0
60.907497344345,33.28633845152389,24.00359972542704,93.52461974314181,0
46.5375055235269,26.764732368086204,28.346962356962706,106.43904073500616,0
42.053636789285015,30.856217725761063,28.693035144964103,85.59007901493848,0
51.979672899449675,30.194543529281074,31.521069459247514,91.94701608148418,0
60.819352184772654,33.1328212537268,25.524058040361407,102.38752870406131,0
35.55059800926628,22.21000735908302,15.430996476650094,95.85212337642874,0
37.89457005876648,27.464826151173312,13.572502756051774,117.5647864303022,0
42.11330745490634,34.22497801500418,16.99079523962741,106.48040434555345,0
60.94638374712091,26.622030861849684,24.810464694079318,96.17961878834028,0
52.34821525948732,25.033193122884324,24.213473558597173,95.29420286886517,0
71.32153410570444,40.21036074913477,26.38119926009987,101.86970608213284,0
59.36445725831116,30.190590000897,21.87377038721413,89.44468711357817,0
49.6490482313033,27.10540930028396,21.31754414247126,105.95611953294548,0
62.65077838088766,21.538147812629457,27.77523971205217,86.24698050054525,0
52.11497012731878,33.64673173140213,28.27962205686251,106.2301019596074,0
42.95078647492555,33.495680768593466,23.716749322597597,98.35405268019588,0
56.799748442451026,28.50620199715032,24.807616708805234,104.14613518091265,1
43.036733461389176,24.488849045464548,27.021571716644956,89.87414074662036,0
47.09602899196133,29.877252881788106,27.52171787581497,102.44985207088118,0
63.277826959579826,25.82071966259189,19.280096502006298,124.12347741512654,1
48.987185137826,25.28953205563442,21.402130720410245,95.42783247539336,0
41.968586126583716,29.483936242691463,18.847269771773068,103.17399860329024,0
45.35662308564508,24.743048006699677,22.465466925815846,115.05566949757309,0
60.21790585588673,31.233244776262232,29.061667946709157,107.61704144860134,0
44.47459326583271,33.03996254703198,27.731359334718828,104.31885484144631,0
46.13129153149353,25.801837764134042,19.509510198187208,89.86310727478809,0
44.897072603663716,23.158774523308047,27.56133363412991,87.2241162770335,0
51.8392549434031,37.80639799477903,25.42921552671226,100.5343244068246,0
46.145102396243914,25.298648820213977,22.530366464570395,95.36764144686798,0
33.98163951027463,26.700286474488312,17.96770172448184,99.80941786224709,0
41.128190581549596,31.065085837149436,24.125883141911164,102.05656674019517,0
40.67210958493562,32.996846862611484,28.39972003057978,93.23572161157115,0
62.43319384455155,28.718415531551788,14.184511758019372,104.9410302601392,1
58.126740421090425,32.303971638506276,23.019384011242753,118.58556188591103,0
55.87259379399826,27.995069210517997,36.271418494024815,89.90659012619557,0
44.946416827355904,25.144146675878048,28.363183592840468,95.30453641479089,0
41.84208458006029,37.131584303935135,26.29916247501738,99.50389341320002,0
44.92482398342643,42.44220807165564,21.31407415214543,111.40459673940592,0
39.48119897448326,38.47984766507085,21.60835081063015,88.13617999318298,0
74.97200391587008,30.709033195767272,24.583558021500185,89.34851895615918,0
27.54678351628598,39.16717680907839,33.01431814688568,78.36338987183638,0
55.64008535073809,31.778517578619923,27.327945954474654,95.5963778678615,0
37.15447702007473,27.613568647983854,20.639208011145886,106.80145766021833,0
48.95656508505307,32.331897871909895,30.883934811919318,110.65224708978141,0
40.119980575062655,29.528037467944074,23.537028964209547,103.57153661307731,0
38.223710375173695,25.08440908127146,33.486732405069745,93.99043020617543,0
38.598036990650385,25.50839014283992,22.16698487681148,107.06471613702374,0
67.54986153742058,34.01025869370258,19.983671215480555,102.04318590616116,0
48.67011577690408,20.767340091676637,25.87314788906785,80.7929440107007,0
42.342978055219135,33.02068370221342,29.91163491900149,87.7190516738446,0
55.55786964082873,21.852081986257808,30.18722398365455,115.11865305196297,0
50.103493145662995,19.39411777548782,25.79595883334406,103.22205082975272,1
57.20033759341653,20.80576698120751,20.059516560156943,86.25205611491421,0
31.7574334406217,39.833819859673696,22.473296390510576,108.19953108061785,0
53.03603904462001,29.01883017528229,14.908590658228917,110.61434959762639,1
57.726948371023816,30.432915900827094,20.4343923121559,95.64965970540308,0
33.384017088854364,37.096275229554756,24.107715925513684,106.57682096386786,0
54.48195284423313,34.67089874249862,26.945010703267396,62.59899362048221,0
66.96181572828161,23.042473652978902,23.302728392676105,109.73576795188157,1
49.85142296645297,34.34503171409381,24.715104725111303,111.75155391919876,0
58.21405937024811,30.92090632351773,23.019072776250916,88.75297285236266,0
56.7057045031091,28.291609512020596,28.75512652094885,102.82085399515304,1
42.92494302489423,30.1214545706889,20.504435307867304,96.6187945695256,0
50.39766734586495,36.39906010314011,29.187739570731633,98.97470519229172,0
34.33005289138397,25.570167589795236,34.80440406256955,95.75119555464931,0
45.48696962897474,32.004428395520605,27.363948280109657,86.6770453314518,0
52.65687974966236,29.95171381733546,22.36454194887979,118.90403703081655,1
57.23100493737798,21.014176923021907,22.318649279566074,96.89689150420783,0
50.246121252479114,25.988734141345944,31.049186110920488,101.0475504426223,0
57.19983730143166,30.966067766168482,19.367052870640013,89.90599419748568,0
38.970937870446306,36.48671044546445,20.230977898637178,89.63132838875653,0
48.98302725445129,35.006655086733645,19.177757730647677,104.125984150755,0
50.19279384513077,32.98606252201712,18.607430797396567,105.26392080151113,0
68.49591246679637,25.923621694317706,19.775918403100714,108.77924169324744,1
47.85833343799916,39.00606995404267,28.949524708927466,111.03774002493688,0
45.009833620058174,31.07620233819806,30.511412822940123,97.89792459499238,0
50.213512238435484,24.968172391607247,21.514634638199084,95.55796936007052,0
40.80886555130056,29.085475095715246,26.03667023022845,107.46813832848933,0
51.92753849065216,34.4812421267808,28.79578337554117,93.62560796569565,0
46.34944783453742,30.03808749159079,25.502821015485814,108.71758495897829,0
32.08672451958816,34.43432343291381,20.225286211913804,103.74500287242289,0
49.41413448866139,35.51846978731075,17.647991324309594,111.55026434583498,0
46.82456906069801,32.00265342299353,30.052137765627542,106.7039168884783,0
33.675766979320166,25.71148688476553,27.4808970614419,89.4555417610884,0
49.328658453854786,30.677273315949904,27.88477946699327,91.34366358413973,0
64.89355962074481,30.225829279694153,19.46176549549485,107.32485297007388,0
55.21303748275714,39.29673166925814,26.17488596444526,119.07055842417773,0
56.11927192731158,21.86839031086585,28.14499793728411,86.77188299216982,0
36.585032744169574,29.32588774452823,26.570169218235726,100.23211604325273,0
54.768983689222225,27.079532266025403,21.274883915961556,102.81674557480491,1
51.484495813800784,31.675528100979996,30.06130255032668,84.74222488134453,0
55.290452383344316,17.812178204003217,17.36184025910613,104.78124996363013,1
54.22628621708826,35.5746227974514,29.643709624034706,99.06877207952562,0
36.402192744961866,30.068742436677667,30.405279720435367,79.03442518784352,0
49.585991884420324,20.776494181859768,32.86165158767612,116.21727978249595,0
42.42129139574834,28.19443432630067,23.287539048747785,91.36791780928927,0
49.49915905715178,33.04481170827262,20.002849917192396,87.17496585704959,0
41.0259907309817,22.042760622709842,28.9694018115419,104.20141622211693,0
63.12470367140996,30.01611108221578,21.503923604565127,105.57486795904896,0
41.41027611555658,24.712631760992352,25.219977557219945,107.36411403696272,0
41.01057843534464,27.220074840605164,23.41268891419964,96.13996637790689,0
50.74586406543553,30.133691913373184,20.489640142934576,99.8908566210909,0
39.22900930596005,30.917251267907883,26.60499733092446,92.69193236826135,0
45.75336697567134,27.646287509086363,18.03992041720982,86.89802694367792,0
41.70035402462038,31.36398194765132,27.961028408220198,110.79130649054235,0
64.11172063889612,34.089888036274026,20.165344557716328,98.97237314982206,0
57.858038268311724,28.6054286244838,16.34134326766037,98.17685744577044,0
49.42530481534605,37.157838787246455,24.749462706048536,80.00732408004669,0
46.087829478259835,37.311070853902095,27.158169264056117,98.21628895719664,0
59.40917614575113,27.856489672070857,27.88467298526612,91.5750550290855,0
54.05204080322888,26.81079721763208,29.091768654135805,98.25386346850183,0
54.98052404682856,21.67913507416913,13.231798001547933,97.80755848143127,0
49.7380776265575,29.36715334180305,19.97427784521664,95.53535208667037,0
33.11769972228568,28.182811099419744,25.53326147251516,109.38838642911139,0
48.87534017440447,33.89525610066496,32.59501639968073,104.47054152324156,0
44.675100807909324,22.451691969658505,28.918722468373637,111.27154514471546,0
56.45055273459877,28.61304304128445,34.50670025924056,86.75172630040275,0
60.11842432994189,34.84372196555573,22.375302885430006,93.51044072552185,0
43.42048955238831,26.3482145222102,26.372084976410044,99.59719181677713,0
54.683852342770514,26.188192316361953,19.500145962153464,95.93361030096565,0
67.35878997685714,22.765298326220957,22.97823890188,99.20742274503262,0
43.32287279429441,43.102869230091194,21.323521408585133,88.17896600691677,0
66.81921740073138,26.2626341096731,21.830056703416393,92.8382194273776,0
41.47414152829353,23.498265838908303,23.032754394071684,83.58446045147987,0
50.22959755607951,25.9807479798424,25.013587699453403,91.09974448226761,0
49.88854388158159,26.128524597565978,25.11106332258242,106.94176720392014,0
50.114988998700625,28.6530511077438,27.71726719791363,97.8579311523405,0
41.62321958092055,34.12686116043757,25.699942336934296,115.05753238757508,0
44.0881689623557,28.50838415502083,23.279771855751875,94.04466125694321,0
43.32279713640601,25.385883425015862,22.387107292340268,101.1907108087233,0
53.26962595404457,22.743307509044875,23.464341399206578,87.86747669847581,0
53.300351145103114,30.109286791099358,22.75481429276517,126.00671870417403,0
72.25944331738259,30.212695370148953,27.4548552759099,98.21379401299544,0
63.709890062911214,37.654661755144126,29.32762595335631,108.29629840299415,0
44.90156757861521,30.462238677349042,31.37022268973542,104.13385020867153,0
53.24869615796186,29.504958443579614,21.011486200297913,94.16121185160723,0
59.97117980791759,24.746730817062552,27.34686112669375,86.69098718464309,0
50.306018243385175,28.47023712450804,18.026601792036622,101.56143124538808,1
49.30358421553064,27.80762770982697,26.86587359126289,94.43210255636667,0
50.51574942769889,28.14917917743149,30.413361410455323,98.44495698508268,0
58.672766288084276,25.203723036797058,24.252052491665026,106.51302058797383,1
41.51679477194767,32.69164801638088,30.363180236294365,100.7824115584038,0
46.74330531179826,29.287772912453153,19.307160648422617,103.77116297368596,0
54.70433144846482,28.99823259997506,20.556773584541816,101.50046576055772,1
53.11447071554156,21.42976941975502,24.320950786781566,85.32750667349492,0
52.39582759856391,32.46822043762432,30.111051772929123,113.96062195701339,0
46.30198833696197,32.4350766299019,22.912852718290058,111.75852296434753,0
59.72535789142537,25.80435298578893,22.732234495456126,88.63835145743283,0
71.33868247204538,34.950606919395966,20.041858208109897,105.05300611427171,0
54.064154936762066,23.176208849587837,26.014405222213107,93.37975729838142,0
48.0682329845016,29.8906504560546,31.233475704472177,92.53083662936729,0
57.557402888945425,28.64396330054918,28.503400545468462,99.95158338664953,0
44.6086736324701,23.41412605597103,28.483253271681324,117.47668230497699,0
42.50309655297103,30.94851306039998,23.96512762538168,110.57957561481885,0
50.32808747613712,38.51285076120895,22.18345320368043,106.05221358331858,0
24.172033670300554,30.3381711503346,28.386229582081853,88.4939436424595,0
38.460496363479905,27.684891229454745,24.840444621829295,125.54449418751378,0
46.52038144079154,32.23512078442839,24.131958821403092,108.73731045660676,0
36.466111418522864,30.528599977335773,29.491203112018077,76.51162580084889,0
39.6735689810787,30.138810658127507,24.01106274163635,103.99474335208492,0
45.632516625419925,27.87228893614276,20.811118703073973,95.11305284081917,0
33.570347064693905,37.10987779646232,29.54594247665483,104.09982355948968,0
45.93928203740168,32.28181681740393,25.403599452169335,104.00640366809526,0
44.647298354671555,27.356646705322557,19.81485328075654,90.81480923529895,0
50.25405208385016,29.45998081609521,19.435470525641918,118.25885752307694,1
61.541840304940195,26.295666478979637,25.477059379134335,101.99784621419424,1
51.72504416492866,26.958544249592524,36.68704830739138,109.4134790651041,0
50.21062021342063,26.796371379049006,23.03589698226896,113.51423564748202,1
50.99454457030712,24.328442031388864,23.318630704572108,92.61842402048013,0
52.27392775121128,33.88638481883978,32.618855988085265,90.88231515193476,0
39.83261351390231,28.54479268363487,24.713594001047422,111.21907348847766,0
48.85224675229202,32.77063789163385,17.75766568376006,113.92837432756858,0
53.08751241836613,26.649370511363518,17.136017737259134,86.22981429208863,0
36.292400174569394,29.698187528038307,31.133319868937402,120.11243186157662,0
58.65652922815853,26.444797016044443,28.331772711250945,97.64496685666147,0
60.813760344581894,33.59834085268666,29.130628542155964,106.91784528512385,0
43.68624011550611,28.757903466474808,24.711217208106437,105.64388209104726,0
47.58662208546895,26.34563207024307,21.366439870086012,90.28657680166673,0
41.21809657189927,21.79148385595108,23.914184421379165,91.35951861052774,0
56.99380483587817,31.378332746703872,25.680156086871882,79.16407660705076,0
39.38777712554091,26.458074738309463,20.808444221506495,88.48849864373439,0
47.775229897570796,29.921103914395022,27.80724954775563,85.17524039257376,0
41.41080092192328,27.541349459932363,18.70201915600139,100.40190515770294,0
50.509542770112894,34.77094790449382,23.33620617712388,113.69402152722083,0
32.05770728510279,32.72072376179004,23.979960637617484,99.72855069333525,0
63.26461642365693,32.236060437274155,21.544900934123156,103.38854162182737,0
40.353935757937364,26.919394383382603,13.97247322490089,107.78003543367929,0
50.59894683116276,32.33145021775095,27.239348320556264,106.797094410203,0
47.87476955229691,38.574158043380216,21.221246197798664,96.14168499888498,0
42.378854880775016,25.839069829249688,31.628539796621858,85.36654939166499,0
41.12219863364065,30.861695696145944,23.29008861157974,95.70194489959349,0
59.3639854355246,21.75391512791434,22.293202057843896,100.62959355263905,1
44.743594068980606,36.99281046062768,25.457609733894387,91.2835478722919,0
52.71170184637311,28.010439507045792,30.267198743152242,103.61960710701048,0
41.98503114605625,33.91289440420989,22.18296168440915,97.07287904057857,0
43.528185681522395,21.383858746418383,30.073688474148884,106.21821527510892,0
54.722471500878484,38.98769693562952,32.201518205088114,91.96760523815175,0
59.304084961111165,28.215642359872007,29.951614053279727,90.78032340690616,0
48.2468359767298,32.728286617350136,33.13215745496129,117.74056337703936,0
35.78080128359563,30.75409103166297,31.463230105062344,100.28756237713687,0
69.97956079750004,28.722646069061152,32.574411469465026,105.52963849395536,0
41.434506917657906,38.428961513296514,33.021631597078205,89.01577747107848,0
34.58412600328212,21.7597689681691,26.04034764814982,96.22735544517874,0
75.94424587768152,31.493568299960046,22.85388050213901,106.82169482807615,0
45.95967706149063,34.55322836114985,13.688781823780971,115.65615859646084,0
35.38267311738592,29.850719391818167,18.38633440239102,92.75514925200456,0
43.16560233211318,29.40914607816704,22.758586004206023,91.97082588561034,0
53.67544896022269,29.286561439632674,23.09132456379717,99.77331059655653,0
51.903115575939395,23.861817897947958,24.236027682989565,84.75604850251138,0
41.4827080274641,30.190636920474674,19.99619754875625,99.69866693522374,0
68.22723600127959,32.563587617361996,17.021111942793432,99.35271615384607,0
44.78420322006627,30.342996137403304,24.34888416766637,107.24749150329261,0
38.15313409588448,28.638619494274597,24.052910355941048,114.14609742688971,0
59.6069339846066,27.551374888134866,20.96222979225067,105.69844317800091,1
63.29062846539682,28.60351665360814,21.289239191748077,107.4155105095969,1
41.825069023837735,36.28872108748019,20.299217040637966,100.522789511343,0
35.98652706960689,19.566825102897287,23.017381304918413,96.4025542352384,0
60.304382674156045,30.200357282738878,20.718485865023744,80.04023130843235,0
29.526763869420382,28.361225413517918,31.29937665758508,91.13779180825384,0
37.733783406033844,37.279039759184215,26.204983660225604,102.1726668469333,0
59.674461500502346,30.277461127219013,20.138410409867415,83.54406276210008,0
49.4464745197761,37.42462799349977,23.59776109266273,102.4288982278327,0
47.36062651407312,19.380549909772206,19.098571968244045,95.99165289732049,0
53.52816606494378,32.297924524170284,30.06084147587394,89.7844014741831,0
48.47225576454591,31.4002893001884,31.9209336229041,95.29975683344998,0
37.0131327783691,36.95266983536969,31.260009913765156,107.287815212616,0
62.76075346006188,21.793256955884853,19.276536843787014,108.85501109619477,1
63.25014052886815,29.224820959408373,24.54366490136912,80.6297859255076,0
52.053325637779594,30.330301308932462,22.99214662243542,98.5051598785133,0
50.4513401543201,27.521022527273953,27.81006552957091,109.13884658283507,1
73.39624806020058,36.0828885687147,19.96045098358051,97.42105140390643,0
47.235671549841626,28.30658907277301,21.620541529994917,101.08815270914214,0
47.40423018165961,40.17381272010577,22.93391485824096,85.04589124739731,0
53.64481249240506,35.27088954469461,25.76644234566212,95.19966343181704,0
64.71321956142339,34.754168485019,28.47064354068943,118.28775429388226,0
65.92770754417484,32.79649490695442,23.35636153631696,92.1193196548465,0
47.41427368323229,24.68152204487226,28.31982537763111,85.59367656803983,0
53.08331245959345,27.844518312446215,29.110381783985687,101.49471758558406,1
36.21916532935923,32.86375683428608,23.933923815640895,107.8862933306574,0
46.88023892083787,33.38778516793859,18.771709335672014,111.93810490625256,0
41.59709604520694,36.53591922540629,19.1440483228293,94.82277357874729,0
39.93168247701016,27.662794951870467,27.95863487575784,102.22475576628719,0
66.81576716267327,25.699233075376682,22.618877818426654,105.44354878285392,1
42.07713338193855,34.29552096392765,16.436853386587725,106.49210527834211,0
44.68394091988545,25.951867119799438,28.064761840915004,94.52797255990455,0
53.65848787916858,34.36655918035206,25.647772602731095,117.12724930895695,0
62.97825266973585,35.99868088207519,17.970164594286857,93.12702977449268,0
54.811151263888355,32.28076517913528,30.897099906013228,107.07872158693135,0
77.59355114021582,28.21210484015701,29.183179935788747,99.78088763854474,0
49.25332021748851,30.205411130719398,25.693726256450898,94.1278143597548,0
52.58716440229746,32.96732959801619,18.628403161327917,93.57148701037433,0
52.756006739840565,30.050927593560367,17.988347335573586,94.13653089079766,0
64.35049386789154,40.99148169335246,23.464657565792816,95.53128934946703,0
55.072389511096155,25.046645346864253,16.430423052248553,89.81114400644091,0
48.837702996128506,24.986657063151046,27.025401365922427,106.9740970321177,0
40.52511405093121,25.115523066323373,17.945883433098317,92.96484684379777,0
52.444434559616326,27.05210038727392,25.824563646273493,93.84979151299505,0
64.01344831291959,19.105342399025453,23.559342736366368,104.88690591208234,1
45.89618206342129,26.851747865299092,28.558926340485222,98.92038056866352,0
55.28943618416582,26.733576490360555,20.31026202369256,85.78096364721088,0
52.46147788684844,30.392570125870883,26.36864724762362,90.63990501455734,0
58.63519658381315,32.08900291603041,18.025799035826783,98.03442755579006,0
41.952462593621306,23.79891831796115,28.977747758847034,94.25012162632532,0
73.46647030526562,34.50027121382036,24.42519116861253,107.5048253725304,0
37.208388929717415,39.01121114895274,27.479253344827153,92.35597971009187,0
46.344489100139626,28.95857448452502,18.39737326585984,90.32872928956789,0
59.38092540905646,37.87185618737786,27.495421378358834,89.89453791221375,0
52.96733172494113,30.994947472025938,26.531016981518544,104.06657246957639,0
58.299861590811034,39.94365959297696,26.818489463566817,104.83471726085733,0
45.03897666017438,35.58641732844095,26.56316981506993,83.27555412429119,0
49.25195017319659,22.18047682580117,24.03268058604826,106.22075196518102,0
50.12231983638817,30.093136853306778,31.206496101579955,108.60973270495947,0
65.69259614535905,35.27162487452039,24.220510071171482,83.0900223819095,0
56.90429024383049,30.152732905203084,21.304153998045855,93.0956857063904,0
57.96672108364672,29.815582345774665,24.70636903315531,114.28892424357976,1
43.420739074632046,36.348823751571516,20.247410272777348,110.0610170602525,0
59.688826385630506,26.45072908926948,22.68001788334578,100.24792659251042,1
52.255816635688035,30.087578066391092,24.113766919053006,105.01249396289433,0
63.89145315677928,31.618128823045595,23.1022293967707,121.12019623620074,0
70.14060154918468,28.33104519823218,25.996985364027427,105.02796973452622,1
46.932342239729955,29.899354480612313,34.728806956531635,87.79191138581108,0
45.936968695549375,33.87511631612085,27.854749199230604,113.64938999600827,0
41.359550088976306,32.16418810749997,30.361503236440456,91.29061109375381,0
48.5642048828368,25.956412340102332,22.481452813158818,109.93902235847835,0
46.17974551049616,24.47938007100369,22.064918557474257,106.56270660956889,0
53.5950439957101,26.05448909871675,23.109109765535052,108.89513553005762,1
48.55433183066264,30.006242278942434,29.264445486344385,115.40932975409157,0
46.3840071921838,29.200301061214788,14.25940760884551,85.34085671492048,0
60.64585136127852,25.840212533914375,19.834176123543163,99.30411445061203,0
40.62119768848548,27.00924773741757,25.511679234171098,119.46049502545878,0
54.33107953151344,22.39980357403968,23.879538164685357,109.76381744519948,1
45.94058272811517,32.089268516086634,34.83864841071523,101.77158337341314,0
57.243685048699646,29.799906373241836,27.238416078713282,89.7682686997105,0
63.85261546722231,23.70106328297365,21.689042782347595,101.06720492951958,1
46.96901746575927,30.143102520938914,17.111964657303265,90.88118701455988,0
54.410329072731514,36.71311005255177,23.29719982531069,85.31633043535574,0
51.7879286573318,26.300320735173703,18.483899586607926,105.76478703058552,1
42.005776004569036,36.57568832860486,27.333753252092176,100.65305605338348,0
52.407875097419385,28.38271263758288,25.80553161120839,92.26487197239288,0
52.89120505278812,30.989140839249337,26.600159660463657,103.94948188962248,0
54.128708204461745,30.488754012110928,35.395883323975184,94.9611011221185,0
48.01601103179954,37.00761708002623,20.462670092898513,117.7955908420738,0
50.941923003101465,30.79216923392766,24.037978961020467,99.69427555630043,0
38.52389055156865,24.290492903980766,18.937421277555455,115.77088212470096,0
46.41885924520143,23.445148147793937,24.597007419249373,91.8719789916111,0
